name,seq_length,mean,var,skew,kurtosis,num_train,num_test,num_class,mean_1,mean_2,mean_3,mean_4,mean_5,mean_6,mean_7,mean_8,mean_9,mean_10,mean_11,mean_12,mean_13,var_1,var_2,var_3,var_4,var_5,var_6,var_7,var_8,var_9,var_10,var_11,var_12,var_13,skew_1,skew_2,skew_3,skew_4,skew_5,skew_6,skew_7,skew_8,skew_9,skew_10,skew_11,skew_12,skew_13,kurtosis_1,kurtosis_2,kurtosis_3,kurtosis_4,kurtosis_5,kurtosis_6,kurtosis_7,kurtosis_8,kurtosis_9,kurtosis_10,kurtosis_11,kurtosis_12,kurtosis_13
data02,281,-3.8304989337921143,1614.62841796875,-6.465780735015869,66.46113586425781,428,107,7,-61.92698287963867,19.409950256347656,-1.5553942918777466,8.041698455810547,-2.498471736907959,1.5978137254714966,-3.7337989807128906,-2.587761640548706,-3.329805612564087,-0.24752940237522125,-1.7667585611343384,-1.0177274942398071,-0.18171635270118713,6003.8017578125,1157.1898193359375,512.675048828125,318.74053955078125,187.60914611816406,122.97932434082031,105.00386047363281,69.09708404541016,69.25988006591797,57.54276657104492,44.039703369140625,45.08041763305664,40.207427978515625,0.0,0.0,0.0,0.0,0.0,0.0,0.0,0.0,0.0,0.0,0.0,0.0,0.0,0.0,0.0,0.0,0.0,0.0,0.0,0.0,0.0,0.0,0.0,0.0,0.0,0.0
data02,281,-3.8619701862335205,1782.9320068359375,-6.252628803253174,61.14649963378906,428,107,7,-66.35589599609375,21.675065994262695,-0.8383199572563171,8.217977523803711,-1.9561545848846436,1.3834550380706787,-3.3695712089538574,-2.2587485313415527,-3.5089731216430664,-0.135197252035141,-1.8203957080841064,-0.878196656703949,-0.3606536388397217,6855.53515625,1277.237548828125,505.354248046875,354.98419189453125,170.77764892578125,132.180908203125,106.99299621582031,72.0715103149414,78.30713653564453,61.78047180175781,46.84712219238281,42.42303466796875,43.39322280883789,-6.911509037017822,5.994403839111328,4.807598114013672,6.021369457244873,2.8744194507598877,4.643364429473877,-3.3022518157958984,2.6916444301605225,-2.8848772048950195,3.152355432510376,-1.7654348611831665,-0.179284930229187,4.436690330505371,84.73603820800781,74.42632293701172,81.06576538085938,79.8799057006836,82.32633209228516,77.8045883178711,80.41378021240234,80.041748046875,83.98715209960938,79.10832977294922,86.52139282226562,77.756591796875,80.5219955444336
data02,281,-3.7058942317962646,1636.453125,-6.778604984283447,71.38050842285156,428,107,7,-61.202762603759766,19.687498092651367,0.16319461166858673,6.911468029022217,-1.3661633729934692,0.5679604411125183,-3.584768295288086,-1.3942539691925049,-4.119703769683838,0.023336470127105713,-2.3335790634155273,-1.1137183904647827,-0.415134996175766,5258.31201171875,1071.6656494140625,410.7194519042969,289.86834716796875,142.75103759765625,104.32308959960938,90.62602233886719,57.2308349609375,80.40131378173828,57.47122573852539,39.82358169555664,34.8095817565918,35.5154914855957,0.0,0.0,0.0,0.0,0.0,0.0,0.0,0.0,0.0,0.0,0.0,0.0,0.0,0.0,0.0,0.0,0.0,0.0,0.0,0.0,0.0,0.0,0.0,0.0,0.0,0.0
data04,157,0.2887158989906311,2742.45654296875,-2.3857975006103516,14.154504776000977,939,474,20,-116.86357879638672,86.38262939453125,-0.5432887077331543,30.915611267089844,3.781315803527832,7.022922992706299,-4.509441375732422,7.758099555969238,-2.4693820476531982,0.05812455341219902,-4.836567401885986,4.87301778793335,-7.816151142120361,9642.7490234375,1416.061279296875,658.9551391601562,337.9495849609375,250.88873291015625,190.59022521972656,135.6182403564453,151.601806640625,113.8822021484375,133.1375732421875,85.38785552978516,98.64008331298828,76.90936279296875,-0.5562787652015686,0.39940938353538513,0.032860975712537766,-0.06924419850111008,0.09984061121940613,-0.286347359418869,-0.19431842863559723,-0.0885455384850502,0.058984581381082535,-0.32213231921195984,0.18792222440242767,0.18171875178813934,0.10435222089290619,0.18903034925460815,0.3635246157646179,0.6661399006843567,0.6537856459617615,1.0858193635940552,0.5862058401107788,0.4631706476211548,0.8711174726486206,0.6942004561424255,1.0742275714874268,0.915930986404419,0.7254229187965393,0.6790382862091064
data04,157,0.5655722618103027,2816.269775390625,-2.601609230041504,16.59797477722168,939,474,20,-116.09342956542969,87.16448974609375,-1.8298225402832031,31.621244430541992,3.3837521076202393,7.7959675788879395,-3.652216672897339,8.287797927856445,-1.8524389266967773,0.15341593325138092,-4.543354034423828,4.797389984130859,-7.880358695983887,10572.8466796875,1404.3575439453125,665.1033325195312,356.4837341308594,255.20553588867188,198.19790649414062,129.34222412109375,166.86886596679688,103.57154846191406,139.0655059814453,83.5399169921875,94.24535369873047,77.43217468261719,-0.7869255542755127,0.39596813917160034,0.2043112814426422,0.07797199487686157,0.03811347484588623,-0.46260344982147217,-0.15825138986110687,-0.09001074731349945,0.051902469247579575,-0.578987181186676,0.08729062229394913,0.15017160773277283,-0.10198681801557541,0.7938506603240967,0.5629141926765442,0.517110288143158,0.9341498613357544,1.6106350421905518,1.1118711233139038,0.4949244260787964,1.1881319284439087,0.30836251378059387,1.0332129001617432,0.6548976898193359,0.9107949733734131,0.6420329809188843
data04,157,0.4088117480278015,2833.662353515625,-2.496328592300415,15.426061630249023,939,474,20,-114.73640441894531,88.1356201171875,-0.2568405270576477,30.27800941467285,3.123906373977661,7.2235918045043945,-4.351131439208984,7.650592803955078,-2.5559873580932617,-0.8392370939254761,-4.728854179382324,4.250417232513428,-7.87913179397583,10994.638671875,1438.963623046875,686.6903686523438,339.3591003417969,263.29998779296875,192.7968292236328,140.75686645507812,152.46221923828125,109.52400970458984,150.65408325195312,75.51000213623047,98.38970947265625,77.66740417480469,-0.6116299033164978,0.6154236197471619,0.11272928863763809,-0.07372891157865524,-0.11566021293401718,-0.3486473858356476,-0.32347580790519714,-0.1618684083223343,-0.025377634912729263,-0.773166835308075,-0.025368113070726395,-0.05323098972439766,-0.12720079720020294,0.21683502197265625,1.0157716274261475,0.6417026519775391,0.2936795949935913,1.0450007915496826,0.5457041263580322,0.7801325917243958,0.6702455282211304,0.6334553956985474,1.4224299192428589,0.3744664490222931,0.632888674736023,0.5272421836853027
data04,157,0.97332763671875,2544.698486328125,-2.4456920623779297,16.97041130065918,939,474,20,-106.55186462402344,86.54857635498047,-2.5178029537200928,30.8427677154541,2.688746929168701,7.739392280578613,-4.337215900421143,8.289610862731934,-2.5935986042022705,0.1113341674208641,-4.654308795928955,4.681777000427246,-7.594160556793213,9431.7138671875,1447.1846923828125,644.1332397460938,331.1701965332031,234.27003479003906,181.56185913085938,127.3891830444336,138.81912231445312,98.5121841430664,128.77122497558594,81.3194580078125,88.45025634765625,74.95216369628906,-0.920006513595581,0.3348369598388672,0.06728203594684601,0.09856515377759933,-0.0380559079349041,-0.38331863284111023,-0.2497701793909073,-0.23347458243370056,0.14659565687179565,-0.6678208112716675,0.0016632573679089546,0.010575070977210999,-0.01964734122157097,1.2269799709320068,0.5969083905220032,0.41564252972602844,0.401415079832077,0.8245372772216797,0.9194634556770325,0.7743206024169922,0.7968133687973022,0.6632294654846191,1.256516933441162,0.7824892997741699,0.6853467226028442,0.6933831572532654
data04,157,0.161134734749794,2957.520751953125,-2.440312147140503,15.532438278198242,939,474,20,-121.7154769897461,91.50132751464844,-0.8070899248123169,30.69941520690918,3.912313461303711,7.291825771331787,-4.835143089294434,8.10593318939209,-2.9794788360595703,-0.3862050473690033,-4.800536632537842,4.395276069641113,-8.287405014038086,10256.46875,1467.8250732421875,698.3568115234375,377.418212890625,239.86448669433594,193.6543426513672,132.56211853027344,148.55007934570312,98.18428802490234,133.34271240234375,84.90027618408203,102.39838409423828,82.1452407836914,-0.7314339280128479,0.24564002454280853,0.024631280452013016,-0.05058429762721062,0.014893841929733753,-0.3134908080101013,-0.1834275871515274,-0.19894231855869293,0.07088027894496918,-0.5330790281295776,-0.010076464153826237,0.00826456118375063,-0.059473633766174316,0.9971234798431396,0.23713892698287964,0.707585334777832,0.3258620500564575,1.0967994928359985,0.6276390552520752,0.5139197111129761,0.9794110655784607,0.49750280380249023,0.9130010008811951,0.6050540208816528,0.6308716535568237,0.5036459565162659
data04,157,-1.3136295080184937,3343.203369140625,-2.800060272216797,16.782848358154297,939,474,20,-130.9421844482422,89.63475036621094,-0.34584102034568787,30.70218276977539,1.7623765468597412,5.526251792907715,-5.389003753662109,7.009572982788086,-3.1633410453796387,-1.9400042295455933,-4.513198375701904,3.82368540763855,-9.242446899414062,13064.6533203125,1510.5025634765625,678.3314208984375,377.8138732910156,277.3222351074219,229.23965454101562,148.2422332763672,182.45870971679688,108.87864685058594,192.45729064941406,95.83818817138672,116.8463363647461,90.31797790527344,-0.6650833487510681,0.3587813079357147,-0.16407860815525055,-0.09071201086044312,-0.21062754094600677,-0.547675609588623,-0.12943002581596375,-0.2496781349182129,-0.04500741884112358,-0.6543169021606445,0.38330984115600586,-0.07076966762542725,-0.23171068727970123,0.27840563654899597,0.3678813874721527,0.9308553338050842,0.3821215331554413,0.83779376745224,0.9121736288070679,0.5151914358139038,0.6868398189544678,0.6381489634513855,1.4351853132247925,1.8241184949874878,1.0603867769241333,0.9051523804664612
data03,2854,-5.255114555358887,2522.402099609375,-5.934263706207275,48.73682403564453,976,200,3,-84.86724090576172,23.167526245117188,1.4136778116226196,7.494894504547119,-1.3318846225738525,-1.1476008892059326,-3.648228168487549,-1.4052700996398926,-2.7865519523620605,-1.1195476055145264,-2.0139434337615967,-0.6002237796783447,-1.4720910787582397,7729.6845703125,1339.7197265625,428.3135681152344,337.50115966796875,180.78826904296875,130.02474975585938,112.40253448486328,89.57003021240234,74.44176483154297,58.002471923828125,44.17919158935547,39.93897247314453,37.492366790771484,-7.275328636169434,0.0,0.0,0.0,0.0,0.0,0.0,0.0,0.0,0.0,0.0,0.0,0.0,90.42582702636719,0.0,0.0,0.0,0.0,0.0,0.0,0.0,0.0,0.0,0.0,0.0,0.0
data03,2854,-4.9522199630737305,2335.98486328125,-5.90047025680542,48.86241149902344,976,200,3,-80.88709259033203,22.83818817138672,1.4569064378738403,7.39288854598999,-1.6797910928726196,-1.491967797279358,-3.738203763961792,-1.0500496625900269,-2.9126956462860107,-0.6726192235946655,-1.8761301040649414,-0.3409901559352875,-1.4173048734664917,7005.82861328125,1243.729248046875,403.3769836425781,303.3199462890625,183.96319580078125,131.19285583496094,107.75843811035156,86.0443344116211,73.99197387695312,53.459686279296875,43.856048583984375,38.809349060058594,37.100486755371094,0.0,0.0,0.0,0.0,0.0,0.0,0.0,0.0,0.0,0.0,0.0,0.0,0.0,0.0,0.0,0.0,0.0,0.0,0.0,0.0,0.0,0.0,0.0,0.0,0.0,0.0
data03,2854,-5.121476650238037,2351.657958984375,-5.968062400817871,49.92953872680664,976,200,3,-80.5488510131836,22.322551727294922,1.2674877643585205,6.7504706382751465,-1.525571584701538,-1.493756651878357,-3.9169325828552246,-1.3178786039352417,-2.594957113265991,-1.1904348134994507,-2.2245702743530273,-0.541072428226471,-1.5656877756118774,6872.294921875,1271.49755859375,393.12506103515625,309.1486511230469,169.07716369628906,131.35507202148438,111.36263275146484,82.40817260742188,69.14044952392578,54.814292907714844,47.60309982299805,39.29339599609375,39.34846115112305,0.0,0.0,0.0,0.0,0.0,0.0,0.0,0.0,0.0,0.0,0.0,0.0,0.0,0.0,0.0,0.0,0.0,0.0,0.0,0.0,0.0,0.0,0.0,0.0,0.0,0.0
data03,2854,-5.448482036590576,2562.43701171875,-5.86447286605835,47.38929748535156,976,200,3,-86.10187530517578,23.864276885986328,0.9534134268760681,7.109662055969238,-1.075852394104004,-1.9344723224639893,-3.8571574687957764,-1.4869335889816284,-2.9000229835510254,-1.406261920928955,-2.0300843715667725,-0.3962552845478058,-1.5687023401260376,7761.130859375,1305.99560546875,417.4947204589844,331.8564147949219,171.7964324951172,136.0945587158203,120.68609619140625,82.98828125,76.57537078857422,59.62621307373047,46.784427642822266,40.21885681152344,37.977455139160156,0.0,0.0,0.0,0.0,0.0,0.0,0.0,0.0,0.0,0.0,0.0,0.0,0.0,0.0,0.0,0.0,0.0,0.0,0.0,0.0,0.0,0.0,0.0,0.0,0.0,0.0
data05,522,-10.929191589355469,5662.0947265625,-5.087264060974121,32.40340805053711,199,597,10,-165.9247589111328,38.23658752441406,-0.49144279956817627,11.22171688079834,-2.617138385772705,-0.5432027578353882,-6.333607196807861,-2.612027645111084,-3.600931167602539,-2.0835657119750977,-3.4483156204223633,-1.5025920867919922,-2.3802413940429688,15523.6875,2263.272216796875,584.5186767578125,520.4178466796875,350.6800537109375,175.1368408203125,226.62136840820312,133.2280731201172,111.86569213867188,107.89571380615234,98.1199722290039,67.59500885009766,73.55615997314453,-4.173459529876709,3.6346168518066406,-1.5662341117858887,2.664461374282837,-3.7893619537353516,-1.5877209901809692,-4.206672668457031,-1.5705292224884033,-2.759659767150879,-2.8022851943969727,-3.909456968307495,-3.2841744422912598,-1.4036308526992798,40.05427551269531,46.76420211791992,53.4884147644043,54.21600341796875,53.84457015991211,51.560394287109375,44.46835708618164,54.460567474365234,52.641143798828125,55.36132049560547,51.096336364746094,53.570465087890625,54.233760833740234
data05,522,-10.206188201904297,5388.6279296875,-5.133791923522949,33.49140930175781,199,597,10,-158.22264099121094,38.133453369140625,-0.779532790184021,10.252540588378906,-2.419649124145508,-0.03604505956172943,-5.473903179168701,-2.1287569999694824,-3.474996328353882,-1.7158868312835693,-3.123441219329834,-1.3469136953353882,-2.344679117202759,15614.2470703125,2339.971435546875,580.9617919921875,502.5196838378906,335.1331787109375,162.712646484375,203.38621520996094,119.72502136230469,108.47071838378906,96.73145294189453,85.70604705810547,61.514217376708984,69.52596282958984,0.0,0.0,0.0,0.0,0.0,0.0,0.0,0.0,0.0,0.0,0.0,0.0,0.0,0.0,0.0,0.0,0.0,0.0,0.0,0.0,0.0,0.0,0.0,0.0,0.0,0.0
data05,522,-10.743667602539062,5438.146484375,-5.089291095733643,32.60544967651367,199,597,10,-161.17337036132812,37.75776290893555,-0.5530761480331421,10.702457427978516,-2.4461705684661865,-0.35852915048599243,-6.751899242401123,-2.9836721420288086,-3.499941825866699,-2.291342258453369,-3.8206636905670166,-1.887776255607605,-2.3614566326141357,15010.2802734375,2205.587158203125,567.3883056640625,522.7369384765625,350.442626953125,168.57058715820312,213.6546630859375,134.14744567871094,114.5616226196289,116.22702026367188,97.67981719970703,70.12732696533203,74.83547973632812,0.0,0.0,0.0,0.0,0.0,0.0,0.0,0.0,0.0,0.0,0.0,0.0,0.0,0.0,0.0,0.0,0.0,0.0,0.0,0.0,0.0,0.0,0.0,0.0,0.0,0.0
data05,522,-10.521178245544434,5154.33349609375,-5.21371603012085,34.77671813964844,199,597,10,-153.06292724609375,35.74127960205078,-0.9917493462562561,10.721100807189941,-3.5407814979553223,-1.8090794086456299,-6.230140686035156,-2.8382973670959473,-3.373023748397827,-1.993829369544983,-4.700347900390625,-1.0550724267959595,-3.6424574851989746,15164.6513671875,2184.03955078125,555.8641967773438,523.2381591796875,358.56353759765625,160.0091094970703,230.27655029296875,128.2816619873047,105.2203598022461,120.2215805053711,92.78780364990234,75.91853332519531,90.86073303222656,0.0,0.0,0.0,0.0,0.0,0.0,0.0,0.0,0.0,0.0,0.0,0.0,0.0,0.0,0.0,0.0,0.0,0.0,0.0,0.0,0.0,0.0,0.0,0.0,0.0,0.0
data01,2287,-2.1311850547790527,1082.9134521484375,-9.300130844116211,121.03550720214844,3000,3000,100,-35.1378288269043,11.578392028808594,-0.41260385513305664,2.125169038772583,-0.5686284303665161,-0.7918300628662109,-1.4295005798339844,-0.527015209197998,-0.7251249551773071,-0.4766176640987396,-0.4404940903186798,-0.5242778062820435,-0.37504658102989197,5065.2998046875,670.9612426757812,195.9109649658203,100.23502349853516,67.56722259521484,42.17440414428711,37.14627456665039,27.217716217041016,22.893613815307617,19.271223068237305,15.69802188873291,14.116087913513184,14.106117248535156,0.0,0.0,0.0,0.0,0.0,0.0,0.0,0.0,0.0,0.0,0.0,0.0,0.0,0.0,0.0,0.0,0.0,0.0,0.0,0.0,0.0,0.0,0.0,0.0,0.0,0.0
data01,2287,-2.001899242401123,1072.4735107421875,-9.45989990234375,126.36639404296875,3000,3000,100,-34.484954833984375,11.674440383911133,-0.18826591968536377,2.3193881511688232,-0.37682271003723145,-0.5711623430252075,-1.3172192573547363,-0.6272645592689514,-0.7369783520698547,-0.47886475920677185,-0.45417240262031555,-0.3819282352924347,-0.4008851647377014,5130.537109375,677.2232666015625,182.95436096191406,96.7335205078125,64.29991912841797,39.41194152832031,35.20694351196289,26.81553077697754,22.386198043823242,19.68483543395996,14.98166275024414,13.668142318725586,13.491296768188477,0.0,0.0,0.0,0.0,0.0,0.0,0.0,0.0,0.0,0.0,0.0,0.0,0.0,0.0,0.0,0.0,0.0,0.0,0.0,0.0,0.0,0.0,0.0,0.0,0.0,0.0
data01,2287,-1.8445894718170166,909.6641845703125,-9.732019424438477,133.7368927001953,3000,3000,100,-30.54355239868164,10.16320514678955,-0.5013900399208069,2.027226686477661,-0.6102274060249329,-0.5955937504768372,-1.2364792823791504,-0.49652791023254395,-0.6452251672744751,-0.38369646668434143,-0.40244853496551514,-0.39825522899627686,-0.35669752955436707,3630.517333984375,520.232421875,159.32437133789062,94.6717758178711,58.48062515258789,38.11394119262695,34.62944793701172,24.332862854003906,21.9749698638916,18.232879638671875,14.75259017944336,12.881999015808105,13.144081115722656,0.0,0.0,0.0,0.0,0.0,0.0,0.0,0.0,0.0,0.0,0.0,0.0,0.0,0.0,0.0,0.0,0.0,0.0,0.0,0.0,0.0,0.0,0.0,0.0,0.0,0.0
data01,2287,-1.8901718854904175,947.76953125,-9.667806625366211,134.1200408935547,3000,3000,100,-31.26376724243164,10.65683650970459,-0.5366705060005188,2.110119581222534,-0.6541794538497925,-0.6559082269668579,-1.25465726852417,-0.6119336485862732,-0.6917467713356018,-0.42294272780418396,-0.4626086950302124,-0.40567365288734436,-0.37910476326942444,4138.73828125,580.8870849609375,170.77645874023438,94.25556182861328,62.40901184082031,38.677490234375,32.54444885253906,26.580093383789062,20.749950408935547,18.657440185546875,14.407058715820312,13.073241233825684,12.702421188354492,0.0,0.0,0.0,0.0,0.0,0.0,0.0,0.0,0.0,0.0,0.0,0.0,0.0,0.0,0.0,0.0,0.0,0.0,0.0,0.0,0.0,0.0,0.0,0.0,0.0,0.0
data01,2287,-1.8951507806777954,997.1937255859375,-9.343852043151855,125.73391723632812,3000,3000,100,-32.81462097167969,11.519737243652344,-0.34716925024986267,2.1839208602905273,-0.5174082517623901,-0.6770484447479248,-1.3248834609985352,-0.5159739255905151,-0.6787315607070923,-0.23254592716693878,-0.46522122621536255,-0.3547717332839966,-0.4122442901134491,4093.412841796875,630.1517333984375,166.54127502441406,101.5513916015625,62.19208526611328,41.14225387573242,35.080116271972656,26.007553100585938,21.337270736694336,17.718891143798828,15.2880859375,12.863414764404297,13.519930839538574,0.0,0.0,0.0,0.0,0.0,0.0,0.0,0.0,0.0,0.0,0.0,0.0,0.0,0.0,0.0,0.0,0.0,0.0,0.0,0.0,0.0,0.0,0.0,0.0,0.0,0.0
data01,2287,-1.903698205947876,908.3990478515625,-9.611373901367188,130.64637756347656,3000,3000,100,-30.741737365722656,10.253815650939941,-0.5851504802703857,2.1313681602478027,-0.7347268462181091,-0.7037861347198486,-1.2696977853775024,-0.7036877274513245,-0.7159525156021118,-0.40267571806907654,-0.473160982131958,-0.3892415463924408,-0.4134446978569031,3886.54150390625,529.1370849609375,166.94976806640625,94.5323715209961,60.56341552734375,41.61162185668945,33.56459045410156,29.90625762939453,21.056703567504883,17.8852596282959,14.656933784484863,13.778148651123047,12.434150695800781,0.0,0.0,0.0,0.0,0.0,0.0,0.0,0.0,0.0,0.0,0.0,0.0,0.0,0.0,0.0,0.0,0.0,0.0,0.0,0.0,0.0,0.0,0.0,0.0,0.0,0.0
data01,2287,-2.1537516117095947,1057.1715087890625,-9.048346519470215,115.88323974609375,3000,3000,100,-35.225189208984375,11.841267585754395,-0.8435152173042297,2.177060842514038,-0.8472734689712524,-0.7707585096359253,-1.4477404356002808,-0.6304664611816406,-0.6521956920623779,-0.3773272633552551,-0.3751954734325409,-0.480189710855484,-0.36724764108657837,4899.50244140625,695.3756103515625,198.55308532714844,104.29974365234375,69.33956909179688,45.545921325683594,38.927940368652344,28.420795440673828,23.898906707763672,19.661874771118164,16.080413818359375,13.706056594848633,13.013640403747559,-10.538847923278809,10.082139015197754,-6.673526287078857,5.3931965827941895,-6.256265640258789,-4.007924556732178,-8.422988891601562,-6.777384281158447,-6.358063220977783,-6.11779260635376,-8.064618110656738,-4.486008167266846,-1.5764682292938232,150.9813995361328,148.42120361328125,158.56494140625,157.33367919921875,159.10360717773438,159.07606506347656,157.6002197265625,159.01910400390625,158.5415496826172,158.05116271972656,157.8760986328125,157.90391540527344,159.0301055908203
data01,2287,-2.0013225078582764,1004.7515258789062,-9.058192253112793,117.84093475341797,3000,3000,100,-33.91604232788086,11.504288673400879,-0.4995397627353668,2.391116142272949,-0.5544586777687073,-0.6864676475524902,-1.2694464921951294,-0.6244304180145264,-0.7230711579322815,-0.4233458936214447,-0.4283849895000458,-0.34595438838005066,-0.4414549469947815,4464.6181640625,652.51806640625,181.70187377929688,107.45303344726562,65.34539031982422,43.123165130615234,36.7561149597168,29.67539405822754,23.5311279296875,20.47899055480957,15.192829132080078,13.730949401855469,13.664627075195312,0.0,0.0,0.0,0.0,0.0,0.0,0.0,0.0,0.0,0.0,0.0,0.0,0.0,0.0,0.0,0.0,0.0,0.0,0.0,0.0,0.0,0.0,0.0,0.0,0.0,0.0
data01,2287,-1.9988045692443848,950.656982421875,-9.369172096252441,125.27133178710938,3000,3000,100,-31.720104217529297,10.6547212600708,-0.6839500665664673,2.069654941558838,-0.7765684127807617,-0.738044798374176,-1.3702630996704102,-0.7351584434509277,-0.7301750183105469,-0.5134842991828918,-0.5265063047409058,-0.5048030018806458,-0.4097813367843628,3944.2177734375,589.3815307617188,183.1549530029297,100.36367797851562,62.566471099853516,40.295108795166016,35.878196716308594,28.407442092895508,21.209869384765625,17.50492286682129,15.026782035827637,14.201231002807617,13.659978866577148,0.0,0.0,0.0,0.0,0.0,0.0,0.0,0.0,0.0,0.0,0.0,0.0,0.0,0.0,0.0,0.0,0.0,0.0,0.0,0.0,0.0,0.0,0.0,0.0,0.0,0.0
data01,2287,-1.8861815929412842,931.2739868164062,-9.524345397949219,131.91873168945312,3000,3000,100,-31.06305503845215,10.977734565734863,-0.38596871495246887,2.0788581371307373,-0.6249889135360718,-0.7604544162750244,-1.4641780853271484,-0.6962568163871765,-0.8092571496963501,-0.34648194909095764,-0.5794822573661804,-0.35094133019447327,-0.4958929121494293,4037.718994140625,575.7245483398438,169.1783447265625,93.52465057373047,62.81958770751953,39.649173736572266,38.24090576171875,26.803754806518555,22.596824645996094,18.757966995239258,15.52945327758789,12.82344913482666,13.575468063354492,0.0,0.0,0.0,0.0,0.0,0.0,0.0,0.0,0.0,0.0,0.0,0.0,0.0,0.0,0.0,0.0,0.0,0.0,0.0,0.0,0.0,0.0,0.0,0.0,0.0,0.0
data01,2287,-2.0827414989471436,1008.5468139648438,-9.079476356506348,118.26880645751953,3000,3000,100,-33.78239822387695,11.529519081115723,-0.6298829913139343,2.261369228363037,-0.8979397416114807,-0.7627312541007996,-1.5335499048233032,-0.601326584815979,-0.7677380442619324,-0.45220187306404114,-0.49099552631378174,-0.5450907945632935,-0.40267565846443176,4579.30126953125,662.0614013671875,194.4314727783203,106.95805358886719,73.72723388671875,42.831119537353516,40.84454345703125,28.499231338500977,23.631235122680664,20.32377052307129,16.788734436035156,15.621747970581055,13.501364707946777,0.0,0.0,0.0,0.0,0.0,0.0,0.0,0.0,0.0,0.0,0.0,0.0,0.0,0.0,0.0,0.0,0.0,0.0,0.0,0.0,0.0,0.0,0.0,0.0,0.0,0.0
data01,2287,-2.20607852935791,1094.970458984375,-9.197607040405273,117.36504364013672,3000,3000,100,-35.66379928588867,11.515727996826172,-0.7360548377037048,2.2462551593780518,-0.6914243102073669,-0.7127721309661865,-1.4661439657211304,-0.5392377972602844,-0.7685349583625793,-0.47560441493988037,-0.48940417170524597,-0.48158374428749084,-0.4164413809776306,5129.19287109375,674.5592041015625,194.0453643798828,102.8369369506836,68.24266052246094,43.459678649902344,38.283329010009766,28.427934646606445,23.85775375366211,19.71920394897461,15.569666862487793,14.441719055175781,13.863101959228516,0.0,0.0,0.0,0.0,0.0,0.0,0.0,0.0,0.0,0.0,0.0,0.0,0.0,0.0,0.0,0.0,0.0,0.0,0.0,0.0,0.0,0.0,0.0,0.0,0.0,0.0
data01,2287,-2.094993829727173,1034.523681640625,-9.535831451416016,125.44776916503906,3000,3000,100,-34.01493835449219,10.78116226196289,-0.3309778869152069,2.0981016159057617,-0.5536594390869141,-0.8200633525848389,-1.3502992391586304,-0.6002666354179382,-0.7043268084526062,-0.40211766958236694,-0.4666113555431366,-0.42049455642700195,-0.45042842626571655,4781.8583984375,591.1857299804688,170.32568359375,99.78682708740234,63.34059524536133,42.47197723388672,34.89719009399414,27.61995506286621,22.760488510131836,19.24171257019043,15.136819839477539,13.192265510559082,12.948020935058594,0.0,0.0,0.0,0.0,0.0,0.0,0.0,0.0,0.0,0.0,0.0,0.0,0.0,0.0,0.0,0.0,0.0,0.0,0.0,0.0,0.0,0.0,0.0,0.0,0.0,0.0
data01,2287,-2.0098214149475098,1013.4899291992188,-9.615575790405273,129.5138702392578,3000,3000,100,-33.07307815551758,10.958551406860352,-0.5404623746871948,1.9816763401031494,-0.5418267846107483,-0.7102335095405579,-1.309409737586975,-0.5545004606246948,-0.7215816378593445,-0.40236836671829224,-0.44081202149391174,-0.42714399099349976,-0.34649085998535156,4251.2978515625,568.7023315429688,177.73619079589844,91.70536041259766,64.71428680419922,41.34571075439453,34.76280975341797,25.648014068603516,22.478591918945312,18.2639217376709,14.415009498596191,13.250422477722168,12.469527244567871,0.0,0.0,0.0,0.0,0.0,0.0,0.0,0.0,0.0,0.0,0.0,0.0,0.0,0.0,0.0,0.0,0.0,0.0,0.0,0.0,0.0,0.0,0.0,0.0,0.0,0.0
data01,2287,-1.8958649635314941,962.8023681640625,-9.339337348937988,126.83639526367188,3000,3000,100,-32.14585876464844,11.403648376464844,-0.6450843214988708,2.347060441970825,-0.5918624997138977,-0.7267831563949585,-1.2134637832641602,-0.6707993745803833,-0.677925705909729,-0.4558398127555847,-0.43787822127342224,-0.3727441728115082,-0.4587128162384033,4127.7412109375,608.4588012695312,176.60467529296875,98.7702865600586,65.06863403320312,41.06794738769531,32.91679382324219,27.650362014770508,22.08403968811035,19.401023864746094,15.16831111907959,13.531704902648926,13.53230094909668,0.0,0.0,0.0,0.0,0.0,0.0,0.0,0.0,0.0,0.0,0.0,0.0,0.0,0.0,0.0,0.0,0.0,0.0,0.0,0.0,0.0,0.0,0.0,0.0,0.0,0.0
data01,2287,-1.8579034805297852,932.95654296875,-9.561936378479004,131.03807067871094,3000,3000,100,-31.110065460205078,10.685291290283203,-0.463695764541626,2.1680431365966797,-0.5013159513473511,-0.6055805683135986,-1.3161711692810059,-0.6226256489753723,-0.7378972768783569,-0.3872155547142029,-0.4270460307598114,-0.4264657497406006,-0.40799662470817566,4019.73828125,597.2246704101562,156.8014373779297,93.36373138427734,57.487518310546875,37.34513473510742,35.278961181640625,24.867536544799805,21.05698585510254,18.46021270751953,14.96950912475586,12.967182159423828,12.825650215148926,0.0,0.0,0.0,0.0,0.0,0.0,0.0,0.0,0.0,0.0,0.0,0.0,0.0,0.0,0.0,0.0,0.0,0.0,0.0,0.0,0.0,0.0,0.0,0.0,0.0,0.0
data01,2287,-2.0526394844055176,982.1538696289062,-9.224455833435059,122.16069030761719,3000,3000,100,-32.93457794189453,11.333683967590332,-0.8412686586380005,2.119440793991089,-0.9085670709609985,-0.8172761797904968,-1.370195746421814,-0.6662330627441406,-0.6700985431671143,-0.4127843677997589,-0.5503416657447815,-0.5237014293670654,-0.4423973262310028,4406.95751953125,644.384521484375,190.06341552734375,95.7620849609375,67.42851257324219,43.83680725097656,36.472801208496094,28.786466598510742,22.948387145996094,18.739564895629883,16.138458251953125,14.155708312988281,14.26479721069336,0.0,0.0,0.0,0.0,0.0,0.0,0.0,0.0,0.0,0.0,0.0,0.0,0.0,0.0,0.0,0.0,0.0,0.0,0.0,0.0,0.0,0.0,0.0,0.0,0.0,0.0
data01,2287,-2.081608772277832,1050.43115234375,-9.171451568603516,119.88536071777344,3000,3000,100,-34.5201301574707,11.740038871765137,-0.5101203918457031,2.3033735752105713,-0.6902574896812439,-0.7668685913085938,-1.4119257926940918,-0.620635449886322,-0.7614145278930664,-0.4092179238796234,-0.45553678274154663,-0.4944363832473755,-0.463789165019989,4531.1845703125,658.5349731445312,180.96255493164062,106.84812927246094,68.78651428222656,44.64748001098633,38.160247802734375,27.0407772064209,24.18368148803711,20.3872127532959,16.2203311920166,15.04635238647461,14.425385475158691,0.0,0.0,0.0,0.0,0.0,0.0,0.0,0.0,0.0,0.0,0.0,0.0,0.0,0.0,0.0,0.0,0.0,0.0,0.0,0.0,0.0,0.0,0.0,0.0,0.0,0.0
data01,2287,-1.9593586921691895,980.0232543945312,-9.488341331481934,128.22329711914062,3000,3000,100,-32.34407043457031,10.93487548828125,-0.5482834577560425,2.0912413597106934,-0.6237417459487915,-0.7316955924034119,-1.3302148580551147,-0.5980287194252014,-0.6701395511627197,-0.3665718138217926,-0.44336941838264465,-0.371052086353302,-0.4706115424633026,4467.97216796875,622.5674438476562,172.45481872558594,99.44017791748047,67.06087493896484,42.44318389892578,37.29275131225586,28.05048942565918,22.001890182495117,18.584369659423828,15.309342384338379,13.079365730285645,13.694657325744629,0.0,0.0,0.0,0.0,0.0,0.0,0.0,0.0,0.0,0.0,0.0,0.0,0.0,0.0,0.0,0.0,0.0,0.0,0.0,0.0,0.0,0.0,0.0,0.0,0.0,0.0
data01,2287,-1.9075679779052734,1010.8079833984375,-9.749316215515137,131.69259643554688,3000,3000,100,-32.53071975708008,10.765710830688477,-0.2693667411804199,2.1315929889678955,-0.4741334915161133,-0.492290735244751,-1.2876629829406738,-0.5093579292297363,-0.6944230794906616,-0.3349805474281311,-0.4224666655063629,-0.361105740070343,-0.3191783130168915,4379.423828125,582.923583984375,164.0670166015625,91.40332794189453,58.88660430908203,37.02314758300781,34.411399841308594,25.50112533569336,21.007863998413086,17.360300064086914,14.30483627319336,12.105460166931152,12.374428749084473,0.0,0.0,0.0,0.0,0.0,0.0,0.0,0.0,0.0,0.0,0.0,0.0,0.0,0.0,0.0,0.0,0.0,0.0,0.0,0.0,0.0,0.0,0.0,0.0,0.0,0.0
data01,2287,-1.8703035116195679,977.451904296875,-9.896244049072266,137.35006713867188,3000,3000,100,-31.780372619628906,10.683269500732422,-0.28993692994117737,2.08318829536438,-0.4807819724082947,-0.5199198126792908,-1.303855299949646,-0.48169586062431335,-0.7145731449127197,-0.3660132586956024,-0.3722446858882904,-0.38622355461120605,-0.3847862780094147,4357.45068359375,577.3841552734375,155.62081909179688,90.802490234375,59.93986511230469,39.4632453918457,34.23201370239258,23.78220558166504,21.42626953125,17.49266242980957,13.871710777282715,12.810222625732422,12.974971771240234,0.0,0.0,0.0,0.0,0.0,0.0,0.0,0.0,0.0,0.0,0.0,0.0,0.0,0.0,0.0,0.0,0.0,0.0,0.0,0.0,0.0,0.0,0.0,0.0,0.0,0.0
data01,2287,-1.9998830556869507,1037.486083984375,-9.333252906799316,122.86332702636719,3000,3000,100,-34.059696197509766,11.432953834533691,-0.36933085322380066,2.4006171226501465,-0.5303545594215393,-0.5366091132164001,-1.3171783685684204,-0.6307904720306396,-0.7161633372306824,-0.4194529950618744,-0.4577220380306244,-0.3655591607093811,-0.4291931986808777,4557.17529296875,616.1163330078125,165.4049835205078,104.64402770996094,63.59334945678711,41.27020263671875,36.21334457397461,28.346660614013672,22.362627029418945,19.573049545288086,14.35196590423584,13.08151912689209,13.528642654418945,0.0,0.0,0.0,0.0,0.0,0.0,0.0,0.0,0.0,0.0,0.0,0.0,0.0,0.0,0.0,0.0,0.0,0.0,0.0,0.0,0.0,0.0,0.0,0.0,0.0,0.0
data01,2287,-1.9261221885681152,975.4586181640625,-9.35737133026123,125.63069152832031,3000,3000,100,-32.248992919921875,11.0664701461792,-0.5477855801582336,2.0503292083740234,-0.6415340900421143,-0.652307391166687,-1.2919678688049316,-0.595555305480957,-0.6454995274543762,-0.37838220596313477,-0.4012978672981262,-0.40975531935691833,-0.343308687210083,4191.451171875,624.58935546875,201.847412109375,99.07556915283203,65.7721176147461,42.19442367553711,35.5720100402832,27.64033317565918,22.266674041748047,18.696802139282227,15.382641792297363,13.758744239807129,12.478323936462402,0.0,0.0,0.0,0.0,0.0,0.0,0.0,0.0,0.0,0.0,0.0,0.0,0.0,0.0,0.0,0.0,0.0,0.0,0.0,0.0,0.0,0.0,0.0,0.0,0.0,0.0
data01,2287,-1.9274852275848389,911.6796875,-9.867884635925293,140.03213500976562,3000,3000,100,-30.475549697875977,10.379419326782227,-0.7575854659080505,2.1448543071746826,-0.8022592663764954,-0.7681447863578796,-1.3341106176376343,-0.8290234208106995,-0.7585875391960144,-0.4254400134086609,-0.5657790303230286,-0.34301456809043884,-0.5220872163772583,4086.81640625,576.0957641601562,178.8133544921875,99.63788604736328,59.780513763427734,39.73973083496094,33.60145568847656,26.253128051757812,22.561199188232422,19.209304809570312,14.694028854370117,12.386635780334473,13.500481605529785,0.0,0.0,0.0,0.0,0.0,0.0,0.0,0.0,0.0,0.0,0.0,0.0,0.0,0.0,0.0,0.0,0.0,0.0,0.0,0.0,0.0,0.0,0.0,0.0,0.0,0.0
